text,sentiment,date,source
Company reports record quarterly profits and increased revenue.,positive,2026-06-01,Yahoo Finance
Stock price plunges after disappointing sales forecast and layoffs.,negative,2026-06-02,Reuters
The board of directors is scheduled to meet next Thursday for the annual review.,neutral,2026-06-03,SEC Filing
Merger between the two retail giants approved by regulatory bodies.,positive,2026-06-04,Bloomberg
CEO announces resignation amid investigation into accounting irregularities.,negative,2026-06-05,CNBC
Quarterly dividend increased by 10% following strong cash flows.,positive,2026-06-06,Press Release
Supply chain disruptions lead to temporary factory shutdowns in Asia.,negative,2026-06-07,Financial Times
The company will host a conference call to discuss Q2 results at 5 PM EST.,neutral,2026-06-08,Investor Relations
Acquisition of the AI startup is expected to boost long-term growth.,positive,2026-06-09,TechCrunch
Analyst downgrades the stock from buy to hold citing high valuation.,negative,2026-06-10,MarketWatch
New product line launched in European markets received mixed reviews.,neutral,2026-06-11,Reuters
Profits double as cost-cutting measures and automation drive efficiency.,positive,2026-06-12,Bloomberg
"Major customer terminates contract, impacting projected annual earnings.",negative,2026-06-13,CNBC
Company plans to open three new distribution centers in North America.,neutral,2026-06-14,Press Release
Tech firm beats analyst estimates for both earnings per share and revenue.,positive,2026-06-15,Yahoo Finance
Severe inflation forces the manufacturing giant to raise product prices.,negative,2026-06-16,Financial Times
The upcoming earnings report will be published on the company website.,neutral,2026-06-17,SEC Filing
Strategic partnership signed to expand digital banking services in LatAm.,positive,2026-06-18,Bloomberg
"Debt rating downgraded to junk status, raising borrowing costs.",negative,2026-06-19,Reuters
The central bank leaves interest rates unchanged in the latest policy meeting.,neutral,2026-06-20,MarketWatch
Customer feedback indicates high satisfaction with the new customer support team.,positive,2026-06-21,Customer Feedback
Several complaints received regarding delayed shipping and damaged goods.,negative,2026-06-22,Customer Feedback
Support tickets are answered within an average of two hours.,neutral,2026-06-23,Customer Feedback
The brand's net promoter score reached an all-time high of 75.,positive,2026-06-24,Customer Feedback
Unhelpful customer service reps led to customer churn in Q1.,negative,2026-06-25,Customer Feedback
Company reports record quarterly profits and increased revenue.,positive,2026-06-01,Yahoo Finance
Stock price plunges after disappointing sales forecast and layoffs.,negative,2026-06-02,Reuters
The board of directors is scheduled to meet next Thursday for the annual review.,neutral,2026-06-03,SEC Filing
Merger between the two retail giants approved by regulatory bodies.,positive,2026-06-04,Bloomberg
CEO announces resignation amid investigation into accounting irregularities.,negative,2026-06-05,CNBC
Quarterly dividend increased by 10% following strong cash flows.,positive,2026-06-06,Press Release
Supply chain disruptions lead to temporary factory shutdowns in Asia.,negative,2026-06-07,Financial Times
The company will host a conference call to discuss Q2 results at 5 PM EST.,neutral,2026-06-08,Investor Relations
Acquisition of the AI startup is expected to boost long-term growth.,positive,2026-06-09,TechCrunch
Analyst downgrades the stock from buy to hold citing high valuation.,negative,2026-06-10,MarketWatch
New product line launched in European markets received mixed reviews.,neutral,2026-06-11,Reuters
Profits double as cost-cutting measures and automation drive efficiency.,positive,2026-06-12,Bloomberg
"Major customer terminates contract, impacting projected annual earnings.",negative,2026-06-13,CNBC
Company plans to open three new distribution centers in North America.,neutral,2026-06-14,Press Release
Tech firm beats analyst estimates for both earnings per share and revenue.,positive,2026-06-15,Yahoo Finance
Severe inflation forces the manufacturing giant to raise product prices.,negative,2026-06-16,Financial Times
The upcoming earnings report will be published on the company website.,neutral,2026-06-17,SEC Filing
Strategic partnership signed to expand digital banking services in LatAm.,positive,2026-06-18,Bloomberg
"Debt rating downgraded to junk status, raising borrowing costs.",negative,2026-06-19,Reuters
The central bank leaves interest rates unchanged in the latest policy meeting.,neutral,2026-06-20,MarketWatch
Customer feedback indicates high satisfaction with the new customer support team.,positive,2026-06-21,Customer Feedback
Several complaints received regarding delayed shipping and damaged goods.,negative,2026-06-22,Customer Feedback
Support tickets are answered within an average of two hours.,neutral,2026-06-23,Customer Feedback
The brand's net promoter score reached an all-time high of 75.,positive,2026-06-24,Customer Feedback
Unhelpful customer service reps led to customer churn in Q1.,negative,2026-06-25,Customer Feedback
Company reports record quarterly profits and increased revenue.,positive,2026-06-01,Yahoo Finance
Stock price plunges after disappointing sales forecast and layoffs.,negative,2026-06-02,Reuters
The board of directors is scheduled to meet next Thursday for the annual review.,neutral,2026-06-03,SEC Filing
Merger between the two retail giants approved by regulatory bodies.,positive,2026-06-04,Bloomberg
CEO announces resignation amid investigation into accounting irregularities.,negative,2026-06-05,CNBC
Quarterly dividend increased by 10% following strong cash flows.,positive,2026-06-06,Press Release
Supply chain disruptions lead to temporary factory shutdowns in Asia.,negative,2026-06-07,Financial Times
The company will host a conference call to discuss Q2 results at 5 PM EST.,neutral,2026-06-08,Investor Relations
Acquisition of the AI startup is expected to boost long-term growth.,positive,2026-06-09,TechCrunch
Analyst downgrades the stock from buy to hold citing high valuation.,negative,2026-06-10,MarketWatch
New product line launched in European markets received mixed reviews.,neutral,2026-06-11,Reuters
Profits double as cost-cutting measures and automation drive efficiency.,positive,2026-06-12,Bloomberg
"Major customer terminates contract, impacting projected annual earnings.",negative,2026-06-13,CNBC
Company plans to open three new distribution centers in North America.,neutral,2026-06-14,Press Release
Tech firm beats analyst estimates for both earnings per share and revenue.,positive,2026-06-15,Yahoo Finance
Severe inflation forces the manufacturing giant to raise product prices.,negative,2026-06-16,Financial Times
The upcoming earnings report will be published on the company website.,neutral,2026-06-17,SEC Filing
Strategic partnership signed to expand digital banking services in LatAm.,positive,2026-06-18,Bloomberg
"Debt rating downgraded to junk status, raising borrowing costs.",negative,2026-06-19,Reuters
The central bank leaves interest rates unchanged in the latest policy meeting.,neutral,2026-06-20,MarketWatch
Customer feedback indicates high satisfaction with the new customer support team.,positive,2026-06-21,Customer Feedback
Several complaints received regarding delayed shipping and damaged goods.,negative,2026-06-22,Customer Feedback
Support tickets are answered within an average of two hours.,neutral,2026-06-23,Customer Feedback
The brand's net promoter score reached an all-time high of 75.,positive,2026-06-24,Customer Feedback
Unhelpful customer service reps led to customer churn in Q1.,negative,2026-06-25,Customer Feedback
Company reports record quarterly profits and increased revenue.,positive,2026-06-01,Yahoo Finance
Stock price plunges after disappointing sales forecast and layoffs.,negative,2026-06-02,Reuters
The board of directors is scheduled to meet next Thursday for the annual review.,neutral,2026-06-03,SEC Filing
Merger between the two retail giants approved by regulatory bodies.,positive,2026-06-04,Bloomberg
CEO announces resignation amid investigation into accounting irregularities.,negative,2026-06-05,CNBC
Quarterly dividend increased by 10% following strong cash flows.,positive,2026-06-06,Press Release
Supply chain disruptions lead to temporary factory shutdowns in Asia.,negative,2026-06-07,Financial Times
The company will host a conference call to discuss Q2 results at 5 PM EST.,neutral,2026-06-08,Investor Relations
Acquisition of the AI startup is expected to boost long-term growth.,positive,2026-06-09,TechCrunch
Analyst downgrades the stock from buy to hold citing high valuation.,negative,2026-06-10,MarketWatch
New product line launched in European markets received mixed reviews.,neutral,2026-06-11,Reuters
Profits double as cost-cutting measures and automation drive efficiency.,positive,2026-06-12,Bloomberg
"Major customer terminates contract, impacting projected annual earnings.",negative,2026-06-13,CNBC
Company plans to open three new distribution centers in North America.,neutral,2026-06-14,Press Release
Tech firm beats analyst estimates for both earnings per share and revenue.,positive,2026-06-15,Yahoo Finance
Severe inflation forces the manufacturing giant to raise product prices.,negative,2026-06-16,Financial Times
The upcoming earnings report will be published on the company website.,neutral,2026-06-17,SEC Filing
Strategic partnership signed to expand digital banking services in LatAm.,positive,2026-06-18,Bloomberg
"Debt rating downgraded to junk status, raising borrowing costs.",negative,2026-06-19,Reuters
The central bank leaves interest rates unchanged in the latest policy meeting.,neutral,2026-06-20,MarketWatch
Customer feedback indicates high satisfaction with the new customer support team.,positive,2026-06-21,Customer Feedback
Several complaints received regarding delayed shipping and damaged goods.,negative,2026-06-22,Customer Feedback
Support tickets are answered within an average of two hours.,neutral,2026-06-23,Customer Feedback
The brand's net promoter score reached an all-time high of 75.,positive,2026-06-24,Customer Feedback
Unhelpful customer service reps led to customer churn in Q1.,negative,2026-06-25,Customer Feedback
